Workbook

Sheet Pivot
A3: Count of ToolNumber | B3: Column Labels
B4: 1 | AN4: 2 | BN4: Grand Total
A5: Row Labels | B5: 1.625-ZT-PAD | C5: 1/16DRL | D5: 1/4SPOTDRL | E5: 10-24-H11-PLG | F5: 104121 | G5: 10PITCHKNURL | H5: 1-1/4-SPADE-INS | I5: 115312 | J5: 22020S-100L-SPADE | K5: A4G0305M03U02GMN | L5: AC2510 | M5: AC509 | N5: BT-5658 | O5: C12SCLPR3-7 | P5: C16-SCLPR3 | Q5: C16SCLPR3-7 | R5: CNMG432MF | S5: CNMS432 | T5: CPMT3252LF | U5: DA-KGMSR-OD-A4 | V5: DCLNR164DKC | W5: DGFH32-3 | X5: DGNM-3202C | Y5: DVJNR163DKC3 | Z5: EVM50R0316MC | AA5: HARD-JAWS-STD | AB5: ISCAR-SGTBU-CUTOFF | AC5: LIVE-X | AD5: LIVE-Z | AE5: NG3125R | AF5: NG3125RK | AG5: NO.23DRL | AH5: NR3062R | AI5: NSR163C | AJ5: NTP3R | AK5: STOPBLOCK2.250 | AL5: STOPBLOCK750 | AM5: VNMS332 | AN5: 115312 | AO5: AC2510 | AP5: AC2710 | AQ5: AC509 | AR5: AC715 | AS5: AC719 | AT5: C12SCLPR3-7 | AU5: C16-SCLPR3 | AV5: C16SCLPR3-7 | AW5: CNMG432MF | AX5: CNMS432 | AY5: CPMT3252LF | AZ5: CT-6002-3 | BA5: CT-6004-16 | BB5: CT-6004-37-NTX | BC5: DCLNR164DKC | BD5: DT-11628 | BE5: DVJNR163DKC3 | BF5: LSASR16 | BG5: N151.2-185-20-4G | BH5: NG3094RK | BI5: NG3125RK | BJ5: NSR163C | BK5: NT3R | BL5: R166.06-16UN01-140 | BM5: VNMS332
A6: 107859 | O6: 1 | S6: 1 | T6: 1 | V6: 1 | AE6: 1 | AI6: 1 | AT6: 1 | AX6: 1 | AY6: 1 | BC6: 1 | BG6: 1 | BJ6: 2 | BL6: 1 | BN6: 14
A7: 120259 | F7: 1 | I7: 1 | P7: 1 | R7: 1 | T7: 1 | V7: 1 | AH7: 1 | AI7: 1 | AK7: 1 | AN7: 1 | AP7: 1 | AR7: 1 | AU7: 1 | AW7: 1 | AY7: 1 | BB7: 1 | BC7: 1 | BD7: 1 | BH7: 1 | BJ7: 2 | BK7: 1 | BN7: 22
A8: 127232 | L8: 1 | M8: 1 | O8: 1 | S8: 1 | T8: 1 | V8: 1 | W8: 1 | X8: 1 | AB8: 1 | AF8: 1 | AI8: 2 | AJ8: 1 | BN8: 13
A9: 127265 | C9: 1 | D9: 1 | E9: 1 | G9: 1 | K9: 1 | Q9: 1 | S9: 1 | T9: 1 | U9: 1 | V9: 1 | Z9: 1 | AA9: 1 | AC9: 4 | AG9: 1 | AL9: 1 | AP9: 1 | AS9: 1 | AV9: 1 | AX9: 1 | AY9: 1 | BA9: 1 | BC9: 1 | BI9: 1 | BJ9: 1 | BN9: 27
A10: 127427 | B10: 1 | H10: 1 | J10: 1 | N10: 1 | Q10: 1 | S10: 1 | T10: 1 | W10: 1 | X10: 1 | Y10: 1 | AB10: 1 | AD10: 1 | AM10: 1 | AO10: 1 | AQ10: 1 | AV10: 1 | AY10: 1 | AZ10: 1 | BE10: 1 | BF10: 1 | BM10: 1 | BN10: 21
A11: Grand Total | B11: 1 | C11: 1 | D11: 1 | E11: 1 | F11: 1 | G11: 1 | H11: 1 | I11: 1 | J11: 1 | K11: 1 | L11: 1 | M11: 1 | N11: 1 | O11: 2 | P11: 1 | Q11: 2 | R11: 1 | S11: 4 | T11: 5 | U11: 1 | V11: 4 | W11: 2 | X11: 2 | Y11: 1 | Z11: 1 | AA11: 1 | AB11: 2 | AC11: 4 | AD11: 1 | AE11: 1 | AF11: 1 | AG11: 1 | AH11: 1 | AI11: 4 | AJ11: 1 | AK11: 1 | AL11: 1 | AM11: 1 | AN11: 1 | AO11: 1 | AP11: 2 | AQ11: 1 | AR11: 1 | AS11: 1 | AT11: 1 | AU11: 1 | AV11: 2 | AW11: 1 | AX11: 2 | AY11: 4 | AZ11: 1 | BA11: 1 | BB11: 1 | BC11: 3 | BD11: 1 | BE11: 1 | BF11: 1 | BG11: 1 | BH11: 1 | BI11: 1 | BJ11: 5 | BK11: 1 | BL11: 1 | BM11: 1 | BN11: 97

Sheet Binary
A1: Row Labels | B1: 1.625-ZT-PAD | C1: 1/16DRL | D1: 1/4SPOTDRL | E1: 10-24-H11-PLG | F1: 104121 | G1: 10PITCHKNURL | H1: 1-1/4-SPADE-INS | I1: 115312 | J1: 22020S-100L-SPADE | K1: A4G0305M03U02GMN | L1: AC2510 | M1: AC509 | N1: BT-5658 | O1: C12SCLPR3-7 | P1: C16-SCLPR3 | Q1: C16SCLPR3-7 | R1: CNMG432MF | S1: CNMS432 | T1: CPMT3252LF | U1: DA-KGMSR-OD-A4 | V1: DCLNR164DKC | W1: DGFH32-3 | X1: DGNM-3202C | Y1: DVJNR163DKC3 | Z1: EVM50R0316MC | AA1: HARD-JAWS-STD | AB1: ISCAR-SGTBU-CUTOFF | AC1: LIVE-X | AD1: LIVE-Z | AE1: NG3125R | AF1: NG3125RK | AG1: NO.23DRL | AH1: NR3062R | AI1: NSR163C | AJ1: NTP3R | AK1: STOPBLOCK2.250 | AL1: STOPBLOCK750 | AM1: VNMS332 | AN1: 115312 | AO1: AC2510 | AP1: AC2710 | AQ1: AC509 | AR1: AC715 | AS1: AC719 | AT1: C12SCLPR3-7 | AU1: C16-SCLPR3 | AV1: C16SCLPR3-7 | AW1: CNMG432MF | AX1: CNMS432 | AY1: CPMT3252LF | AZ1: CT-6002-3 | BA1: CT-6004-16 | BB1: CT-6004-37-NTX | BC1: DCLNR164DKC | BD1: DT-11628 | BE1: DVJNR163DKC3 | BF1: LSASR16 | BG1: N151.2-185-20-4G | BH1: NG3094RK | BI1: NG3125RK | BJ1: NSR163C | BK1: NT3R | BL1: R166.06-16UN01-140 | BM1: VNMS332
A2: 107859 | B2: =IF(Pivot!B6>0,1,0) -> 0 | C2: =IF(Pivot!C6>0,1,0) -> 0 | D2: =IF(Pivot!D6>0,1,0) -> 0 | E2: =IF(Pivot!E6>0,1,0) -> 0 | F2: =IF(Pivot!F6>0,1,0) -> 0 | G2: =IF(Pivot!G6>0,1,0) -> 0 | H2: =IF(Pivot!H6>0,1,0) -> 0 | I2: =IF(Pivot!I6>0,1,0) -> 0 | ... BM2: =IF(Pivot!BM6>0,1,0) -> 0
A3: 120259 | B3: =IF(Pivot!B7>0,1,0) -> 0 | C3: =IF(Pivot!C7>0,1,0) -> 0 | D3: =IF(Pivot!D7>0,1,0) -> 0 | E3: =IF(Pivot!E7>0,1,0) -> 0 | F3: =IF(Pivot!F7>0,1,0) -> 1 | G3: =IF(Pivot!G7>0,1,0) -> 0 | H3: =IF(Pivot!H7>0,1,0) -> 0 | I3: =IF(Pivot!I7>0,1,0) -> 1 | ... BM3: =IF(Pivot!BM7>0,1,0) -> 0
A4: 127232 | B4: =IF(Pivot!B8>0,1,0) -> 0 | C4: =IF(Pivot!C8>0,1,0) -> 0 | D4: =IF(Pivot!D8>0,1,0) -> 0 | E4: =IF(Pivot!E8>0,1,0) -> 0 | F4: =IF(Pivot!F8>0,1,0) -> 0 | G4: =IF(Pivot!G8>0,1,0) -> 0 | H4: =IF(Pivot!H8>0,1,0) -> 0 | I4: =IF(Pivot!I8>0,1,0) -> 0 | ... BM4: =IF(Pivot!BM8>0,1,0) -> 0
A5: 127265 | B5: =IF(Pivot!B9>0,1,0) -> 0 | C5: =IF(Pivot!C9>0,1,0) -> 1 | D5: =IF(Pivot!D9>0,1,0) -> 1 | E5: =IF(Pivot!E9>0,1,0) -> 1 | F5: =IF(Pivot!F9>0,1,0) -> 0 | G5: =IF(Pivot!G9>0,1,0) -> 1 | H5: =IF(Pivot!H9>0,1,0) -> 0 | I5: =IF(Pivot!I9>0,1,0) -> 0 | ... BM5: =IF(Pivot!BM9>0,1,0) -> 0
A6: 127427 | B6: =IF(Pivot!B10>0,1,0) -> 1 | C6: =IF(Pivot!C10>0,1,0) -> 0 | D6: =IF(Pivot!D10>0,1,0) -> 0 | E6: =IF(Pivot!E10>0,1,0) -> 0 | F6: =IF(Pivot!F10>0,1,0) -> 0 | G6: =IF(Pivot!G10>0,1,0) -> 0 | H6: =IF(Pivot!H10>0,1,0) -> 1 | I6: =IF(Pivot!I10>0,1,0) -> 0 | ... BM6: =IF(Pivot!BM10>0,1,0) -> 1

Sheet Tool_Matrix
A1: Lables | B1: 107859 | C1: 120259 | D1: 127232 | E1: 127265 | F1: 127427
A2: 107859 | B2: 13 | C2: 6 | D2: 5 | E2: 7 | F2: 3
A3: 120259 | B3: 6 | C3: 21 | D3: 3 | E3: 6 | F3: 2
A4: 127232 | B4: 5 | C4: 3 | D4: 12 | E4: 3 | F4: 5
A5: 127265 | B5: 7 | C5: 6 | D5: 3 | E5: 24 | F5: 5
A6: 127427 | B6: 3 | C6: 2 | D6: 5 | E6: 5 | F6: 21

Sheet 32025
A1: ItemNumber | B1: Operation | C1: WorkCenter | D1: ChuckingNumber | E1: ProgramNumber | F1: Notes | G1: ToolID | H1: ToolNumber | I1: Description | J1: Turret | K1: StationNumber
A2: 127427 | B2: 20 | C2: 32025 | D2: 1 | E2: 8624-R5 | F2: Chuck Pressure Main: 80 AIR Chuck Pressure Sub: 150 LBS. Pusher Rod Size: LG. Bar Pusher Length: 1.7 Pusher Disc Diameter: Spindle Reduction Liner: 2.625 Top Cut Position: .5 Face of Fed Out Bar: 2.2 Face of Cut Off Bar:.375 MACHINE BLANK END | G2: 51233 | H2: LIVE-Z | I2: HEAD | J2: UPPER | K2: 9
A3: 127427 | B3: 20 | C3: 32025 | D3: 1 | E3: 8624-R5 | F3: Chuck Pressure Main: 80 AIR Chuck Pressure Sub: 150 LBS. Pusher Rod Size: LG. Bar Pusher Length: 1.7 Pusher Disc Diameter: Spindle Reduction Liner: 2.625 Top Cut Position: .5 Face of Fed Out Bar: 2.2 Face of Cut Off Bar:.375 MACHINE BLANK END | G3: 51235 | H3: DVJNR163DKC3 | I3: 35* OD TURN TOOL - NEW STYLE | J3: UPPER | K3: 2
A4: 127427 | B4: 20 | C4: 32025 | D4: 1 | E4: 8624-R5 | F4: Chuck Pressure Main: 80 AIR Chuck Pressure Sub: 150 LBS. Pusher Rod Size: LG. Bar Pusher Length: 1.7 Pusher Disc Diameter: Spindle Reduction Liner: 2.625 Top Cut Position: .5 Face of Fed Out Bar: 2.2 Face of Cut Off Bar:.375 MACHINE BLANK END | G4: 51236 | H4: VNMS332 | I4: VNMS332 KC5410 KENLOC TURNING INSERT | J4: UPPER | K4: 2
A5: 127427 | B5: 20 | C5: 32025 | D5: 1 | E5: 8624-R5 | F5: Chuck Pressure Main: 80 AIR Chuck Pressure Sub: 150 LBS. Pusher Rod Size: LG. Bar Pusher Length: 1.7 Pusher Disc Diameter: Spindle Reduction Liner: 2.625 Top Cut Position: .5 Face of Fed Out Bar: 2.2 Face of Cut Off Bar:.375 MACHINE BLANK END | G5: 51244 | H5: BT-5658 | I5: 11.5P HOB | J5: UPPER | K5: 9
A6: 127427 | B6: 20 | C6: 32025 | D6: 1 | E6: 8624-R5 | F6: Chuck Pressure Main: 80 AIR Chuck Pressure Sub: 150 LBS. Pusher Rod Size: LG. Bar Pusher Length: 1.7 Pusher Disc Diameter: Spindle Reduction Liner: 2.625 Top Cut Position: .5 Face of Fed Out Bar: 2.2 Face of Cut Off Bar:.375 MACHINE BLANK END | G6: 51225 | H6: 1.625-ZT-PAD | I6: 1.625 ZT PAD | J6: WORK HOLD | K6: 0
A7: 127427 | B7: 20 | C7: 32025 | D7: 1 | E7: 8624-R5 | F7: Chuck Pressure Main: 80 AIR Chuck Pressure Sub: 150 LBS. Pusher Rod Size: LG. Bar Pusher Length: 1.7 Pusher Disc Diameter: Spindle Reduction Liner: 2.625 Top Cut Position: .5 Face of Fed Out Bar: 2.2 Face of Cut Off Bar:.375 MACHINE BLANK END | G7: 51226 | H7: CNMS432 | I7: CNMS432 | J7: UPPER | K7: 1
A8: 127427 | B8: 20 | C8: 32025 | D8: 1 | E8: 8624-R5 | F8: Chuck Pressure Main: 80 AIR Chuck Pressure Sub: 150 LBS. Pusher Rod Size: LG. Bar Pusher Length: 1.7 Pusher Disc Diameter: Spindle Reduction Liner: 2.625 Top Cut Position: .5 Face of Fed Out Bar: 2.2 Face of Cut Off Bar:.375 MACHINE BLANK END | G8: 51227 | H8: 22020S-100L-SPADE | I8: 22020S-100L SERIES 2 / .968-1.375 SPADE;3.750 FLUTE LENGTH | J8: UPPER | K8: 7
A9: 127427 | B9: 20 | C9: 32025 | D9: 1 | E9: 8624-R5 | F9: Chuck Pressure Main: 80 AIR Chuck Pressure Sub: 150 LBS. Pusher Rod Size: LG. Bar Pusher Length: 1.7 Pusher Disc Diameter: Spindle Reduction Liner: 2.625 Top Cut Position: .5 Face of Fed Out Bar: 2.2 Face of Cut Off Bar:.375 MACHINE BLANK END | G9: 51228 | H9: 1-1/4-SPADE-INS | I9: 1-1/4" (1.250) SPADE BLADE;[1.250] | J9: UPPER | K9: 7
A10: 127427 | B10: 20 | C10: 32025 | D10: 1 | E10: 8624-R5 | F10: Chuck Pressure Main: 80 AIR Chuck Pressure Sub: 150 LBS. Pusher Rod Size: LG. Bar Pusher Length: 1.7 Pusher Disc Diameter: Spindle Reduction Liner: 2.625 Top Cut Position: .5 Face of Fed Out Bar: 2.2 Face of Cut Off Bar:.375 MACHINE BLANK END | G10: 51229 | H10: C16SCLPR3-7 | I10: BORE BAR 1" C16SCLPR3 STUBBY | J10: UPPER | K10: 3
A11: 127427 | B11: 20 | C11: 32025 | D11: 1 | E11: 8624-R5 | F11: Chuck Pressure Main: 80 AIR Chuck Pressure Sub: 150 LBS. Pusher Rod Size: LG. Bar Pusher Length: 1.7 Pusher Disc Diameter: Spindle Reduction Liner: 2.625 Top Cut Position: .5 Face of Fed Out Bar: 2.2 Face of Cut Off Bar:.375 MACHINE BLANK END | G11: 51230 | H11: CPMT3252LF | I11: CPMT3252LF KC5010 KMT TURNING INSERT | J11: UPPER | K11: 3
A12: 127427 | B12: 20 | C12: 32025 | D12: 1 | E12: 8624-R5 | F12: Chuck Pressure Main: 80 AIR Chuck Pressure Sub: 150 LBS. Pusher Rod Size: LG. Bar Pusher Length: 1.7 Pusher Disc Diameter: Spindle Reduction Liner: 2.625 Top Cut Position: .5 Face of Fed Out Bar: 2.2 Face of Cut Off Bar:.375 MACHINE BLANK END | G12: 93145 | H12: DGFH32-3 | I12: .125 ISCAR CUTOFF BLADE | J12: UPPER | K12: 12
A13: 127427 | B13: 20 | C13: 32025 | D13: 1 | E13: 8624-R5 | F13: Chuck Pressure Main: 80 AIR Chuck Pressure Sub: 150 LBS. Pusher Rod Size: LG. Bar Pusher Length: 1.7 Pusher Disc Diameter: Spindle Reduction Liner: 2.625 Top Cut Position: .5 Face of Fed Out Bar: 2.2 Face of Cut Off Bar:.375 MACHINE BLANK END | G13: 93146 | H13: DGNM-3202C | I13: .125 ISCAR PART OFF INSERT | J13: UPPER | K13: 12
... A98: 107859 | B98: 20 | C98: 32025 | D98: 2 | E98: 3597-ZF | F98: Chuck Pressure Main: 200 Lbs NOTE : STATION #11 MUST BE EMPTY SO NOTHING HITS THE CHUCK NOTE : DEBURR 1ST THREAD BEFORE GUAGING FOR ACCURACY | G98: 86567 | H98: CPMT3252LF | I98: CPMT3252LF | J98: UPPER | K98: 5
